image,image_id,true_class,predicted_class,confidence,p_D-DD,p_CS-SCS,p_VSCS,p_ESCS-SuCS,error_type,usa_wind_kt,kt_from_nearest_boundary,imd_category_of_usa_wind,storm_id,name,basin,region,subregion,timestamp,wmo_wind_kt,wmo_agency,group_id
data/processed/classification/CS-SCS/CLS_02634.png,CLS-IMG02349,CS-SCS,D-DD,0.99997,0.99997,3e-05,0.0,0.0,adjacent_class,38.0,4.5,CS,2022030S14147,UNNAMED,SP,pacific_ocean,southern_pacific,2022-01-31T21:00:00Z,,,G0799
data/processed/classification/CS-SCS/CLS_01630.png,CLS-IMG01458,CS-SCS,D-DD,0.999734,0.999734,0.000266,0.0,0.0,adjacent_class,35.0,1.5,CS,2004125N11074,UNNAMED,NI,north_indian_ocean,arabian_sea,2004-05-05T18:00:00Z,35.0,newdelhi,G0167
data/processed/classification/ESCS-SuCS/CLS_04893.png,CLS-IMG04432,ESCS-SuCS,VSCS,0.999599,1e-06,4.1e-05,0.999599,0.000359,adjacent_class,90.0,0.5,ESCS,2012279N15145,PRAPIROON,WP,pacific_ocean,western_pacific,2012-10-10T12:00:00Z,80.0,tokyo,G1447
data/processed/classification/CS-SCS/CLS_01765.png,CLS-IMG01583,CS-SCS,VSCS,0.999585,0.000119,0.000296,0.999585,0.0,adjacent_class,45.0,11.5,CS,2006311N16143,CHEBI,WP,pacific_ocean,western_pacific,2006-11-09T12:00:00Z,35.0,tokyo,G1005
data/processed/classification/CS-SCS/CLS_01936.png,CLS-IMG01732,CS-SCS,VSCS,0.998961,5.4e-05,0.000959,0.998961,2.6e-05,adjacent_class,60.0,3.5,SCS,2009238N20151,KROVANH,WP,pacific_ocean,western_pacific,2009-08-29T18:00:00Z,50.0,tokyo,G0354
data/processed/classification/CS-SCS/CLS_01998.png,CLS-IMG01786,CS-SCS,D-DD,0.998796,0.998796,0.001204,0.0,0.0,adjacent_class,35.0,1.5,CS,2010305N06105,JAL,NI,north_indian_ocean,bay_of_bengal,2010-11-04T15:00:00Z,,,G0392
data/processed/classification/VSCS/CLS_03339.png,CLS-IMG02975,VSCS,ESCS-SuCS,0.998705,1e-06,9e-06,0.001285,0.998705,adjacent_class,68.0,4.5,VSCS,2010069S12188,TOMAS,SP,pacific_ocean,southern_pacific,2010-03-13T15:00:00Z,,,G1423
data/processed/classification/CS-SCS/CLS_02541.png,CLS-IMG02267,CS-SCS,VSCS,0.998699,5.5e-05,0.001148,0.998699,9.7e-05,adjacent_class,63.0,0.5,SCS,2020277N21141,CHAN-HOM,WP,pacific_ocean,western_pacific,2020-10-07T03:00:00Z,,,G1234
data/processed/classification/CS-SCS/CLS_02632.png,CLS-IMG02347,CS-SCS,VSCS,0.998109,3.9e-05,0.001843,0.998109,8e-06,adjacent_class,50.0,13.5,SCS,2022020S13060,ANA,SI,south_indian_ocean,,2022-01-24T06:00:00Z,50.0,reunion,G0798
data/processed/classification/ESCS-SuCS/CLS_04240.png,CLS-IMG03790,ESCS-SuCS,VSCS,0.998013,0.000137,0.001251,0.998013,0.000599,adjacent_class,90.0,0.5,ESCS,2000205N10260,DANIEL,EP,pacific_ocean,eastern_pacific,2000-07-28T18:00:00Z,90.0,hurdat_epa,G1319
data/processed/classification/CS-SCS/CLS_02675.png,CLS-IMG02388,CS-SCS,VSCS,0.997662,2.5e-05,0.002299,0.997662,1.4e-05,adjacent_class,55.0,8.5,SCS,2022254N21158,MERBOK,WP,pacific_ocean,western_pacific,2022-09-12T18:00:00Z,55.0,tokyo,G0819
data/processed/classification/CS-SCS/CLS_02779.png,CLS-IMG02481,CS-SCS,VSCS,0.997369,5.7e-05,0.002574,0.997369,0.0,adjacent_class,45.0,11.5,CS,2024295N15092,DANA,NI,north_indian_ocean,bay_of_bengal,2024-10-23T09:00:00Z,45.0,newdelhi,G0886
data/processed/classification/ESCS-SuCS/CLS_04529.png,CLS-IMG04079,ESCS-SuCS,VSCS,0.99732,9e-06,2.9e-05,0.99732,0.002643,adjacent_class,125.0,35.5,SuCS,2005230N20144,MAWAR,WP,pacific_ocean,western_pacific,2005-08-22T06:00:00Z,90.0,tokyo,G0980
data/processed/classification/ESCS-SuCS/CLS_04611.png,CLS-IMG04160,ESCS-SuCS,VSCS,0.997069,0.000234,0.001309,0.997069,0.001388,adjacent_class,93.0,3.5,ESCS,2006311N16143,CHEBI,WP,pacific_ocean,western_pacific,2006-11-11T03:00:00Z,,,G1005
data/processed/classification/ESCS-SuCS/CLS_04299.png,CLS-IMG03849,ESCS-SuCS,VSCS,0.996984,2.7e-05,0.001576,0.996984,0.001414,adjacent_class,95.0,5.5,ESCS,2001291N05158,PODUL,WP,pacific_ocean,western_pacific,2001-10-27T03:00:00Z,,,G0070
data/processed/classification/D-DD/CLS_01011.png,CLS-IMG00892,D-DD,VSCS,0.996954,0.000289,0.002647,0.996954,0.00011,non_adjacent,30.0,3.5,DD,2018079S08137,NORA,SP,pacific_ocean,southern_pacific,2018-03-25T06:00:00Z,30.0,bom,G0652
data/processed/classification/VSCS/CLS_03190.png,CLS-IMG02841,VSCS,CS-SCS,0.996668,0.000425,0.996668,0.002896,1e-05,adjacent_class,75.0,11.5,VSCS,2007027S07069,DORA,SI,south_indian_ocean,,2007-01-31T09:00:00Z,,,G1386
data/processed/classification/CS-SCS/CLS_01468.png,CLS-IMG01313,CS-SCS,VSCS,0.996509,4.6e-05,0.00285,0.996509,0.000594,adjacent_class,40.0,6.5,CS,2001039S11139,WINSOME,SP,pacific_ocean,southern_pacific,2001-02-11T00:00:00Z,40.0,bom,G0044
data/processed/classification/ESCS-SuCS/CLS_04454.png,CLS-IMG04004,ESCS-SuCS,VSCS,0.996121,1.3e-05,0.000229,0.996121,0.003637,adjacent_class,100.0,10.5,ESCS,2004081S12103,ITSANG:ITSENG:OSCAR,SI,south_indian_ocean,,2004-03-26T18:00:00Z,85.0,bom,G0165
data/processed/classification/CS-SCS/CLS_01536.png,CLS-IMG01376,CS-SCS,D-DD,0.995613,0.995613,0.004385,2e-06,0.0,adjacent_class,35.0,1.5,CS,2002143S07157,UPIA,SP,pacific_ocean,southern_pacific,2002-05-25T06:00:00Z,,,G0097
data/processed/classification/D-DD/CLS_00009.png,CLS-IMG00009,D-DD,CS-SCS,0.99497,0.004191,0.99497,0.000818,2.1e-05,adjacent_class,25.0,8.5,D,2000023S15172,JO,SP,pacific_ocean,southern_pacific,2000-01-28T06:00:00Z,55.0,wellington,G0004
data/processed/classification/CS-SCS/CLS_02765.png,CLS-IMG02469,CS-SCS,VSCS,0.994518,4e-06,0.005442,0.994518,3.6e-05,adjacent_class,50.0,13.5,SCS,2024145N14087,REMAL,NI,north_indian_ocean,bay_of_bengal,2024-05-27T00:00:00Z,45.0,newdelhi,G0877
data/processed/classification/ESCS-SuCS/CLS_04794.png,CLS-IMG04333,ESCS-SuCS,VSCS,0.994224,7.9e-05,0.000337,0.994224,0.005361,adjacent_class,90.0,0.5,ESCS,2010169N13266,CELIA,EP,pacific_ocean,eastern_pacific,2010-06-24T03:00:00Z,,,G1426
data/processed/classification/CS-SCS/CLS_02023.png,CLS-IMG01809,CS-SCS,VSCS,0.993941,0.001025,0.004991,0.993941,4.3e-05,adjacent_class,38.0,4.5,CS,2011215N24164,MERBOK,WP,pacific_ocean,western_pacific,2011-08-04T21:00:00Z,,,G1078
data/processed/classification/CS-SCS/CLS_01437.png,CLS-IMG01283,CS-SCS,D-DD,0.993857,0.993857,0.006143,0.0,0.0,adjacent_class,35.0,1.5,CS,2000201N11224,UPANA,EP,pacific_ocean,eastern_pacific,2000-07-20T18:00:00Z,35.0,hurdat_epa,G0904
data/processed/classification/CS-SCS/CLS_02352.png,CLS-IMG02103,CS-SCS,D-DD,0.992702,0.992702,0.007298,0.0,0.0,adjacent_class,35.0,1.5,CS,2017147N14087,MORA,NI,north_indian_ocean,bay_of_bengal,2017-05-28T06:00:00Z,25.0,newdelhi,G0622
data/processed/classification/VSCS/CLS_03659.png,CLS-IMG03259,VSCS,CS-SCS,0.992417,0.005592,0.992417,0.00199,0.0,adjacent_class,65.0,1.5,VSCS,2015344N07145,MELOR,WP,pacific_ocean,western_pacific,2015-12-15T18:00:00Z,70.0,tokyo,G1150
data/processed/classification/VSCS/CLS_03354.png,CLS-IMG02989,VSCS,CS-SCS,0.99207,0.003787,0.99207,0.004139,3e-06,adjacent_class,70.0,6.5,VSCS,2010172N08272,DARBY,EP,pacific_ocean,eastern_pacific,2010-06-27T00:00:00Z,70.0,hurdat_epa,G1426
data/processed/classification/ESCS-SuCS/CLS_04648.png,CLS-IMG04196,ESCS-SuCS,VSCS,0.992028,2.2e-05,0.000189,0.992028,0.007762,adjacent_class,90.0,0.5,ESCS,2007151N14072,GONU,NI,north_indian_ocean,arabian_sea,2007-06-06T00:00:00Z,77.0,newdelhi,G1391
data/processed/classification/D-DD/CLS_00288.png,CLS-IMG00261,D-DD,CS-SCS,0.991579,0.008233,0.991579,0.000187,1e-06,adjacent_class,25.0,8.5,D,2004237N17236,UNNAMED,EP,pacific_ocean,eastern_pacific,2004-08-25T15:00:00Z,,,G0179
data/processed/classification/CS-SCS/CLS_01418.png,CLS-IMG01268,CS-SCS,VSCS,0.991546,6e-05,0.000909,0.991546,0.007486,adjacent_class,50.0,13.5,SCS,2000056S17152,STEVE,SI,south_indian_ocean,,2000-03-05T15:00:00Z,,,G0010
data/processed/classification/D-DD/CLS_00957.png,CLS-IMG00841,D-DD,VSCS,0.991493,0.000814,0.007693,0.991493,0.0,non_adjacent,25.0,8.5,D,2017060S09139,BLANCHE,SI,south_indian_ocean,,2017-03-04T18:00:00Z,30.0,bom,G0611
data/processed/classification/VSCS/CLS_03541.png,CLS-IMG03156,VSCS,ESCS-SuCS,0.991451,6e-06,0.000113,0.00843,0.991451,adjacent_class,68.0,4.5,VSCS,2014068S16169,LUSI,SP,pacific_ocean,southern_pacific,2014-03-12T21:00:00Z,,,G0511
data/processed/classification/VSCS/CLS_03614.png,CLS-IMG03219,VSCS,ESCS-SuCS,0.991151,3e-05,0.000246,0.008573,0.991151,adjacent_class,83.0,6.5,VSCS,2015094S10087,IKOLA,SI,south_indian_ocean,,2015-04-06T09:00:00Z,,,G1141
data/processed/classification/D-DD/CLS_00326.png,CLS-IMG00298,D-DD,CS-SCS,0.990703,0.008976,0.990703,0.00032,0.0,adjacent_class,30.0,3.5,DD,2005012N04090,UNNAMED,NI,north_indian_ocean,bay_of_bengal,2005-01-14T03:00:00Z,30.0,newdelhi,G0198
data/processed/classification/CS-SCS/CLS_02780.png,CLS-IMG02482,CS-SCS,VSCS,0.989915,0.002032,0.007671,0.989915,0.000382,adjacent_class,50.0,13.5,SCS,2024295N15092,DANA,NI,north_indian_ocean,bay_of_bengal,2024-10-25T06:00:00Z,35.0,newdelhi,G0886
data/processed/classification/D-DD/CLS_00260.png,CLS-IMG00235,D-DD,CS-SCS,0.98944,0.002774,0.98944,0.007786,1e-06,adjacent_class,30.0,3.5,DD,2004041S14147,FRITZ,SP,pacific_ocean,southern_pacific,2004-02-12T09:00:00Z,,,G0159
data/processed/classification/CS-SCS/CLS_02229.png,CLS-IMG01992,CS-SCS,D-DD,0.989207,0.989207,0.010737,5.6e-05,0.0,adjacent_class,38.0,4.5,CS,2015094S10087,IKOLA,SI,south_indian_ocean,,2015-04-05T09:00:00Z,,,G1141
data/processed/classification/CS-SCS/CLS_02069.png,CLS-IMG01851,CS-SCS,D-DD,0.989031,0.989031,0.010969,0.0,0.0,adjacent_class,40.0,6.5,CS,2012273N13112,GAEMI,WP,pacific_ocean,western_pacific,2012-10-04T03:00:00Z,,,G0452
data/processed/classification/CS-SCS/CLS_01970.png,CLS-IMG01764,CS-SCS,VSCS,0.988462,0.000316,0.008784,0.988462,0.002438,adjacent_class,45.0,11.5,CS,2010032S20042,FAMI,SI,south_indian_ocean,,2010-02-02T03:00:00Z,,,G0372
data/processed/classification/VSCS/CLS_03422.png,CLS-IMG03047,VSCS,ESCS-SuCS,0.98794,1.9e-05,5.1e-05,0.011991,0.98794,adjacent_class,80.0,9.5,VSCS,2012032S15141,JASMINE,SP,pacific_ocean,southern_pacific,2012-02-10T06:00:00Z,70.0,wellington,G1437
data/processed/classification/CS-SCS/CLS_01511.png,CLS-IMG01351,CS-SCS,VSCS,0.987339,2.8e-05,0.012532,0.987339,0.000101,adjacent_class,55.0,8.5,SCS,2001329S06095,BAKO:BESSI,SI,south_indian_ocean,,2001-11-30T21:00:00Z,,,G0078
data/processed/classification/CS-SCS/CLS_01632.png,CLS-IMG01460,CS-SCS,D-DD,0.985149,0.985149,0.014851,1e-06,0.0,adjacent_class,43.0,9.5,CS,2004125N11074,UNNAMED,NI,north_indian_ocean,arabian_sea,2004-05-08T21:00:00Z,45.0,newdelhi,G0167
data/processed/classification/CS-SCS/CLS_01617.png,CLS-IMG01445,CS-SCS,VSCS,0.984521,0.000459,0.008537,0.984521,0.006484,adjacent_class,53.0,10.5,SCS,2003345N05092,UNNAMED,NI,north_indian_ocean,bay_of_bengal,2003-12-15T03:00:00Z,55.0,newdelhi,G0151
data/processed/classification/CS-SCS/CLS_02665.png,CLS-IMG02378,CS-SCS,VSCS,0.984479,0.005566,0.008318,0.984479,0.001637,adjacent_class,35.0,1.5,CS,2022221N24149,MEARI,WP,pacific_ocean,western_pacific,2022-08-11T18:00:00Z,35.0,tokyo,G1263
data/processed/classification/ESCS-SuCS/CLS_04313.png,CLS-IMG03863,ESCS-SuCS,VSCS,0.984144,0.000103,0.003959,0.984144,0.011794,adjacent_class,110.0,20.5,ESCS,2002033S13121,CHRIS,SI,south_indian_ocean,,2002-02-06T00:00:00Z,95.0,bom,G0085
data/processed/classification/CS-SCS/CLS_02645.png,CLS-IMG02360,CS-SCS,VSCS,0.983673,0.001379,0.014947,0.983673,1e-06,adjacent_class,35.0,1.5,CS,2022065S16055,GOMBE,SI,south_indian_ocean,,2022-03-07T18:00:00Z,35.0,reunion,G1256
data/processed/classification/ESCS-SuCS/CLS_04899.png,CLS-IMG04438,ESCS-SuCS,VSCS,0.982556,3.2e-05,0.000416,0.982556,0.016995,adjacent_class,105.0,15.5,ESCS,2012296N06135,SON-TINH,WP,pacific_ocean,western_pacific,2012-10-28T00:00:00Z,75.0,tokyo,G0455
data/processed/classification/VSCS/CLS_03003.png,CLS-IMG02676,VSCS,ESCS-SuCS,0.982014,1e-06,1.5e-05,0.01797,0.982014,adjacent_class,88.0,1.5,VSCS,2003267N15140,KOPPU,WP,pacific_ocean,western_pacific,2003-09-29T03:00:00Z,65.0,tokyo,G1351
data/processed/classification/ESCS-SuCS/CLS_04727.png,CLS-IMG04270,ESCS-SuCS,VSCS,0.981416,7e-06,8.3e-05,0.981416,0.018495,adjacent_class,93.0,3.5,ESCS,2009074S10129,ILSA,SI,south_indian_ocean,,2009-03-20T09:00:00Z,,,G1414
data/processed/classification/CS-SCS/CLS_02511.png,CLS-IMG02240,CS-SCS,D-DD,0.981296,0.981296,0.018682,2.1e-05,0.0,adjacent_class,35.0,1.5,CS,2020052S13140,ESTHER,SI,south_indian_ocean,,2020-02-26T06:00:00Z,25.0,bom,G0730
data/processed/classification/CS-SCS/CLS_01927.png,CLS-IMG01724,CS-SCS,VSCS,0.98116,2.5e-05,0.000648,0.98116,0.018167,adjacent_class,40.0,6.5,CS,2009210N11231,LANA,EP,pacific_ocean,eastern_pacific,2009-07-30T21:00:00Z,,,G0347
data/processed/classification/VSCS/CLS_03340.png,CLS-IMG02976,VSCS,ESCS-SuCS,0.979946,2e-06,3e-05,0.020021,0.979946,adjacent_class,85.0,4.5,VSCS,2010069S12188,TOMAS,SP,pacific_ocean,southern_pacific,2010-03-14T06:00:00Z,80.0,nadi,G1423
data/processed/classification/CS-SCS/CLS_01469.png,CLS-IMG01314,CS-SCS,D-DD,0.97918,0.97918,0.020517,0.000268,3.5e-05,adjacent_class,35.0,1.5,CS,2001039S11139,WINSOME,SI,south_indian_ocean,,2001-02-11T12:00:00Z,25.0,bom,G0044
data/processed/classification/CS-SCS/CLS_01836.png,CLS-IMG01644,CS-SCS,D-DD,0.978796,0.978796,0.021033,0.00017,1e-06,adjacent_class,50.0,13.5,SCS,2008037S10055,IVAN,SI,south_indian_ocean,,2008-02-12T21:00:00Z,,,G1026
data/processed/classification/ESCS-SuCS/CLS_04418.png,CLS-IMG03968,ESCS-SuCS,VSCS,0.978043,0.000115,0.002361,0.978043,0.019481,adjacent_class,120.0,30.5,SuCS,2003240N20139,DUJUAN,WP,pacific_ocean,western_pacific,2003-09-01T18:00:00Z,80.0,tokyo,G0952
data/processed/classification/CS-SCS/CLS_01606.png,CLS-IMG01436,CS-SCS,D-DD,0.977934,0.977934,0.022064,1e-06,0.0,adjacent_class,35.0,1.5,CS,2003272S05066,ABAIMBA,SI,south_indian_ocean,,2003-09-30T09:00:00Z,,,G0144
data/processed/classification/CS-SCS/CLS_02425.png,CLS-IMG02168,CS-SCS,D-DD,0.977319,0.977319,0.022674,7e-06,0.0,adjacent_class,40.0,6.5,CS,2018221N17112,BEBINCA,WP,pacific_ocean,western_pacific,2018-08-14T06:00:00Z,35.0,tokyo,G0672
data/processed/classification/D-DD/CLS_01106.png,CLS-IMG00982,D-DD,CS-SCS,0.977313,0.019809,0.977313,0.002861,1.8e-05,adjacent_class,30.0,3.5,DD,2019335N05058,PAWAN,NI,north_indian_ocean,arabian_sea,2019-12-02T15:00:00Z,,,G0718
data/processed/classification/D-DD/CLS_00574.png,CLS-IMG00507,D-DD,VSCS,0.975915,0.0003,0.023569,0.975915,0.000216,non_adjacent,30.0,3.5,DD,2009247N19089,UNNAMED,NI,north_indian_ocean,bay_of_bengal,2009-09-06T03:00:00Z,30.0,newdelhi,G0355
data/processed/classification/ESCS-SuCS/CLS_04610.png,CLS-IMG04159,ESCS-SuCS,VSCS,0.975903,0.000115,0.000996,0.975903,0.022986,adjacent_class,90.0,0.5,ESCS,2006311N16143,CHEBI,WP,pacific_ocean,western_pacific,2006-11-10T03:00:00Z,,,G1005
data/processed/classification/CS-SCS/CLS_02286.png,CLS-IMG02042,CS-SCS,VSCS,0.97566,0.000764,0.023574,0.97566,3e-06,adjacent_class,35.0,1.5,CS,2016108S17181,AMOS,SP,pacific_ocean,southern_pacific,2016-04-20T06:00:00Z,30.0,nadi,G0581
data/processed/classification/D-DD/CLS_00160.png,CLS-IMG00145,D-DD,VSCS,0.975432,0.001997,0.022297,0.975432,0.000274,non_adjacent,30.0,3.5,DD,2002126N09068,UNNAMED,NI,north_indian_ocean,arabian_sea,2002-05-10T18:00:00Z,,,G0095
data/processed/classification/D-DD/CLS_00029.png,CLS-IMG00026,D-DD,VSCS,0.975318,0.000653,0.020958,0.975318,0.003071,non_adjacent,20.0,13.5,D,2000138N16119,LONGWANG,WP,pacific_ocean,western_pacific,2000-05-18T09:00:00Z,,,G0018
data/processed/classification/ESCS-SuCS/CLS_04409.png,CLS-IMG03959,ESCS-SuCS,VSCS,0.974911,0.000383,0.024657,0.974911,4.9e-05,adjacent_class,95.0,5.5,ESCS,2003196N05150,IMBUDO,WP,pacific_ocean,western_pacific,2003-07-19T21:00:00Z,,,G0132
data/processed/classification/CS-SCS/CLS_02681.png,CLS-IMG02393,CS-SCS,VSCS,0.974821,0.014641,0.010532,0.974821,6e-06,adjacent_class,35.0,1.5,CS,2022268N20147,KULAP,WP,pacific_ocean,western_pacific,2022-09-26T03:00:00Z,,,G1273
data/processed/classification/VSCS/CLS_03261.png,CLS-IMG02904,VSCS,ESCS-SuCS,0.9748,2e-06,1.8e-05,0.025179,0.9748,adjacent_class,85.0,4.5,VSCS,2008128N07134,RAMMASUN,WP,pacific_ocean,western_pacific,2008-05-09T12:00:00Z,75.0,tokyo,G1403
data/processed/classification/CS-SCS/CLS_01999.png,CLS-IMG01787,CS-SCS,VSCS,0.974435,0.00029,0.025273,0.974435,2e-06,adjacent_class,45.0,11.5,CS,2010305N06105,JAL,NI,north_indian_ocean,bay_of_bengal,2010-11-05T06:00:00Z,35.0,newdelhi,G0392
data/processed/classification/VSCS/CLS_03553.png,CLS-IMG03165,VSCS,ESCS-SuCS,0.972011,3e-06,2.1e-05,0.027964,0.972011,adjacent_class,65.0,1.5,VSCS,2014184N08147,NEOGURI,WP,pacific_ocean,western_pacific,2014-07-04T18:00:00Z,70.0,tokyo,G1465
data/processed/classification/CS-SCS/CLS_01526.png,CLS-IMG01366,CS-SCS,VSCS,0.970357,0.020266,0.009171,0.970357,0.000206,adjacent_class,55.0,8.5,SCS,2002096S10103,DIANNE:JERY,SI,south_indian_ocean,,2002-04-07T12:00:00Z,55.0,bom,G0093
data/processed/classification/VSCS/CLS_03341.png,CLS-IMG02977,VSCS,CS-SCS,0.969612,0.008973,0.969612,0.02131,0.000105,adjacent_class,75.0,11.5,VSCS,2010069S12188,TOMAS,SP,pacific_ocean,southern_pacific,2010-03-17T09:00:00Z,,,G1423
data/processed/classification/VSCS/CLS_03532.png,CLS-IMG03147,VSCS,ESCS-SuCS,0.969258,1e-06,6e-06,0.030735,0.969258,adjacent_class,80.0,9.5,VSCS,2013360S12124,CHRISTINE,SI,south_indian_ocean,,2013-12-30T00:00:00Z,70.0,bom,G0498
data/processed/classification/VSCS/CLS_03920.png,CLS-IMG03490,VSCS,CS-SCS,0.966672,0.026085,0.966672,0.007234,8e-06,adjacent_class,65.0,1.5,VSCS,2019288N16136,NEOGURI,WP,pacific_ocean,western_pacific,2019-10-20T12:00:00Z,65.0,tokyo,G1552
data/processed/classification/CS-SCS/CLS_01683.png,CLS-IMG01508,CS-SCS,VSCS,0.964874,2e-06,2.6e-05,0.964874,0.035098,adjacent_class,50.0,13.5,SCS,2005089S10085,ISANG,SI,south_indian_ocean,,2005-04-06T00:00:00Z,55.0,reunion,G0972
data/processed/classification/CS-SCS/CLS_02726.png,CLS-IMG02434,CS-SCS,VSCS,0.963581,0.004519,0.031893,0.963581,8e-06,adjacent_class,58.0,5.5,SCS,2023281N14260,MAX,EP,pacific_ocean,eastern_pacific,2023-10-09T15:00:00Z,,,G1291
data/processed/classification/CS-SCS/CLS_01766.png,CLS-IMG01584,CS-SCS,D-DD,0.963019,0.963019,0.036936,4.4e-05,1e-06,adjacent_class,40.0,6.5,CS,2006318N12256,SERGIO,EP,pacific_ocean,eastern_pacific,2006-11-17T21:00:00Z,,,G0257
data/processed/classification/CS-SCS/CLS_02691.png,CLS-IMG02403,CS-SCS,VSCS,0.962532,0.000765,0.033908,0.962532,0.002795,adjacent_class,55.0,8.5,SCS,2022299N11134,NALGAE,WP,pacific_ocean,western_pacific,2022-10-29T06:00:00Z,50.0,tokyo,G1279
data/processed/classification/CS-SCS/CLS_01702.png,CLS-IMG01525,CS-SCS,VSCS,0.961453,0.000301,0.038005,0.961453,0.000242,adjacent_class,45.0,11.5,CS,2005266N15252,NORMA,EP,pacific_ocean,eastern_pacific,2005-09-24T09:00:00Z,,,G0983
data/processed/classification/CS-SCS/CLS_01949.png,CLS-IMG01744,CS-SCS,VSCS,0.960775,0.000451,0.00251,0.960775,0.036264,adjacent_class,55.0,8.5,SCS,2009287N10154,LUPIT,WP,pacific_ocean,western_pacific,2009-10-25T00:00:00Z,55.0,tokyo,G1061
data/processed/classification/ESCS-SuCS/CLS_04410.png,CLS-IMG03960,ESCS-SuCS,VSCS,0.95908,5.2e-05,0.000418,0.95908,0.04045,adjacent_class,130.0,40.5,SuCS,2003196N05150,IMBUDO,WP,pacific_ocean,western_pacific,2003-07-21T00:00:00Z,85.0,tokyo,G0132
data/processed/classification/ESCS-SuCS/CLS_04594.png,CLS-IMG04143,ESCS-SuCS,VSCS,0.958392,3.2e-05,0.000137,0.958392,0.04144,adjacent_class,115.0,25.5,ESCS,2006240N12265,JOHN,EP,pacific_ocean,eastern_pacific,2006-08-30T18:00:00Z,115.0,hurdat_epa,G0245
data/processed/classification/CS-SCS/CLS_02042.png,CLS-IMG01827,CS-SCS,VSCS,0.95789,6e-06,0.000106,0.95789,0.041998,adjacent_class,55.0,8.5,SCS,2012037S17176,CYRIL,SP,pacific_ocean,southern_pacific,2012-02-07T09:00:00Z,,,G0434
data/processed/classification/CS-SCS/CLS_02745.png,CLS-IMG02450,CS-SCS,D-DD,0.954831,0.954831,0.044102,0.001064,3e-06,adjacent_class,35.0,1.5,CS,2024031S24154,UNNAMED,SP,pacific_ocean,southern_pacific,2024-02-09T21:00:00Z,,,G0867
data/processed/classification/VSCS/CLS_03367.png,CLS-IMG02999,VSCS,ESCS-SuCS,0.954653,2.8e-05,0.000174,0.045145,0.954653,adjacent_class,78.0,11.5,VSCS,2011013S15151,ZELIA,SP,pacific_ocean,southern_pacific,2011-01-15T21:00:00Z,,,G0396
data/processed/classification/CS-SCS/CLS_01583.png,CLS-IMG01417,CS-SCS,D-DD,0.953365,0.953365,0.044868,0.001698,6.9e-05,adjacent_class,35.0,1.5,CS,2003067S13130,CRAIG,SI,south_indian_ocean,,2003-03-10T12:00:00Z,50.0,bom,G0124
data/processed/classification/CS-SCS/CLS_01947.png,CLS-IMG01742,CS-SCS,D-DD,0.952374,0.952374,0.047601,2.4e-05,1e-06,adjacent_class,40.0,6.5,CS,2009270N10148,PARMA,WP,pacific_ocean,western_pacific,2009-10-14T09:00:00Z,,,G1059
data/processed/classification/D-DD/CLS_01364.png,CLS-IMG01218,D-DD,CS-SCS,0.950983,0.034209,0.950983,0.014786,2.2e-05,adjacent_class,25.0,8.5,D,2024145N14087,REMAL,NI,north_indian_ocean,bay_of_bengal,2024-05-27T21:00:00Z,,,G0877
data/processed/classification/ESCS-SuCS/CLS_04330.png,CLS-IMG03880,ESCS-SuCS,VSCS,0.950438,2.6e-05,0.000234,0.950438,0.049302,adjacent_class,90.0,0.5,ESCS,2002096S10103,DIANNE:JERY,SI,south_indian_ocean,,2002-04-09T03:00:00Z,,,G0093
data/processed/classification/CS-SCS/CLS_02510.png,CLS-IMG02239,CS-SCS,VSCS,0.948817,4.6e-05,0.05113,0.948817,7e-06,adjacent_class,35.0,1.5,CS,2020052S13140,ESTHER,SP,pacific_ocean,southern_pacific,2020-02-24T15:00:00Z,,,G0730
data/processed/classification/CS-SCS/CLS_02375.png,CLS-IMG02121,CS-SCS,VSCS,0.947354,0.020878,0.031356,0.947354,0.000412,adjacent_class,35.0,1.5,CS,2017304N11127,DAMREY,WP,pacific_ocean,western_pacific,2017-11-04T15:00:00Z,,,G0639
data/processed/classification/CS-SCS/CLS_01504.png,CLS-IMG01345,CS-SCS,VSCS,0.947207,0.018612,0.034165,0.947207,1.6e-05,adjacent_class,35.0,1.5,CS,2001298S07098,ALEX:ANDRE,SI,south_indian_ocean,,2001-10-26T06:00:00Z,35.0,bom,G0072
data/processed/classification/D-DD/CLS_00285.png,CLS-IMG00258,D-DD,CS-SCS,0.947122,0.05179,0.947122,0.001072,1.5e-05,adjacent_class,30.0,3.5,DD,2004215N22148,MALOU,WP,pacific_ocean,western_pacific,2004-08-05T03:00:00Z,,,G0176
data/processed/classification/D-DD/CLS_00699.png,CLS-IMG00615,D-DD,CS-SCS,0.946507,0.001943,0.946507,0.051492,5.8e-05,adjacent_class,30.0,3.5,DD,2012060S12069,UNNAMED,SI,south_indian_ocean,,2012-02-29T06:00:00Z,,,G0437
data/processed/classification/D-DD/CLS_00281.png,CLS-IMG00255,D-DD,CS-SCS,0.945228,0.054175,0.945228,0.000595,2e-06,adjacent_class,28.0,5.5,DD,2004185N16241,UNNAMED,EP,pacific_ocean,eastern_pacific,2004-07-02T21:00:00Z,,,G0173
data/processed/classification/ESCS-SuCS/CLS_04530.png,CLS-IMG04080,ESCS-SuCS,VSCS,0.944776,0.000485,0.000448,0.944776,0.054291,adjacent_class,100.0,10.5,ESCS,2005230N20144,MAWAR,WP,pacific_ocean,western_pacific,2005-08-23T21:00:00Z,,,G0980
data/processed/classification/D-DD/CLS_00006.png,CLS-IMG00006,D-DD,CS-SCS,0.9436,0.005226,0.9436,0.051101,7.3e-05,adjacent_class,25.0,8.5,D,2000023S15172,JO,SP,pacific_ocean,southern_pacific,2000-01-23T06:00:00Z,25.0,nadi,G0004
data/processed/classification/D-DD/CLS_01135.png,CLS-IMG01009,D-DD,VSCS,0.939235,0.04708,0.01355,0.939235,0.000134,non_adjacent,30.0,3.5,DD,2020053S12119,FERDINAND,SI,south_indian_ocean,,2020-02-23T15:00:00Z,,,G0730
data/processed/classification/CS-SCS/CLS_01788.png,CLS-IMG01600,CS-SCS,D-DD,0.938599,0.938599,0.061399,2e-06,0.0,adjacent_class,35.0,1.5,CS,2007082S16125,KARA,SI,south_indian_ocean,,2007-03-28T00:00:00Z,35.0,bom,G1009
data/processed/classification/D-DD/CLS_00497.png,CLS-IMG00441,D-DD,CS-SCS,0.937095,0.052226,0.937095,0.010608,7.2e-05,adjacent_class,30.0,3.5,DD,2008194N11266,ELIDA,EP,pacific_ocean,eastern_pacific,2008-07-11T18:00:00Z,30.0,hurdat_epa,G0309
data/processed/classification/ESCS-SuCS/CLS_04763.png,CLS-IMG04303,ESCS-SuCS,VSCS,0.936632,0.000244,0.063107,0.936632,1.7e-05,adjacent_class,90.0,0.5,ESCS,2009289N12230,NEKI,EP,pacific_ocean,eastern_pacific,2009-10-22T18:00:00Z,90.0,hurdat_epa,G1060
data/processed/classification/D-DD/CLS_00530.png,CLS-IMG00471,D-DD,CS-SCS,0.935832,0.064105,0.935832,6e-05,3e-06,adjacent_class,30.0,3.5,DD,2008338N06092,UNNAMED,NI,north_indian_ocean,bay_of_bengal,2008-12-04T09:00:00Z,25.0,newdelhi,G0326
data/processed/classification/D-DD/CLS_01248.png,CLS-IMG01110,D-DD,CS-SCS,0.935828,0.022932,0.935828,0.041159,8.1e-05,adjacent_class,25.0,8.5,D,2022058S17163,EVA,SP,pacific_ocean,southern_pacific,2022-02-28T15:00:00Z,,,G0803
data/processed/classification/D-DD/CLS_00632.png,CLS-IMG00556,D-DD,CS-SCS,0.935604,0.063411,0.935604,0.0008,0.000186,adjacent_class,33.0,0.5,DD,2011013S15151,ZELIA,SP,pacific_ocean,southern_pacific,2011-01-13T09:00:00Z,,,G0396
data/processed/classification/VSCS/CLS_02890.png,CLS-IMG02575,VSCS,CS-SCS,0.934668,0.000822,0.934668,0.064508,2e-06,adjacent_class,75.0,11.5,VSCS,2001247N15237,GIL,EP,pacific_ocean,eastern_pacific,2001-09-06T12:00:00Z,75.0,hurdat_epa,G1330
data/processed/classification/CS-SCS/CLS_01705.png,CLS-IMG01528,CS-SCS,VSCS,0.931419,0.01077,0.056713,0.931419,0.001098,adjacent_class,35.0,1.5,CS,2005274N17086,UNNAMED,NI,north_indian_ocean,bay_of_bengal,2005-10-03T06:00:00Z,,,G0984
data/processed/classification/D-DD/CLS_00286.png,CLS-IMG00259,D-DD,VSCS,0.926838,0.008446,0.063755,0.926838,0.00096,non_adjacent,28.0,5.5,DD,2004222N24150,MALAKAS,WP,pacific_ocean,western_pacific,2004-08-12T15:00:00Z,,,G0177
data/processed/classification/D-DD/CLS_01311.png,CLS-IMG01169,D-DD,CS-SCS,0.926313,0.07326,0.926313,0.000425,2e-06,adjacent_class,28.0,5.5,DD,2023207N09141,KHANUN,WP,pacific_ocean,western_pacific,2023-07-27T21:00:00Z,,,G0843
data/processed/classification/ESCS-SuCS/CLS_04597.png,CLS-IMG04146,ESCS-SuCS,VSCS,0.925721,0.000845,0.007593,0.925721,0.06584,adjacent_class,95.0,5.5,ESCS,2006240N12265,JOHN,EP,pacific_ocean,eastern_pacific,2006-09-01T03:00:00Z,,,G0245
data/processed/classification/CS-SCS/CLS_01472.png,CLS-IMG01317,CS-SCS,VSCS,0.923563,0.001254,0.065329,0.923563,0.009854,adjacent_class,40.0,6.5,CS,2001049S17198,OMA,SP,pacific_ocean,southern_pacific,2001-02-21T00:00:00Z,50.0,nadi,G0047
data/processed/classification/CS-SCS/CLS_02486.png,CLS-IMG02218,CS-SCS,D-DD,0.922453,0.922453,0.077544,3e-06,0.0,adjacent_class,35.0,1.5,CS,2019317N11248,RAYMOND,EP,pacific_ocean,eastern_pacific,2019-11-15T06:00:00Z,35.0,hurdat_epa,G0716
data/processed/classification/CS-SCS/CLS_02588.png,CLS-IMG02307,CS-SCS,D-DD,0.915304,0.915304,0.084091,0.000603,2e-06,adjacent_class,35.0,1.5,CS,2021129N13254,ANDRES,EP,pacific_ocean,eastern_pacific,2021-05-09T18:00:00Z,35.0,hurdat_epa,G1240
data/processed/classification/ESCS-SuCS/CLS_04298.png,CLS-IMG03848,ESCS-SuCS,VSCS,0.913226,0.001502,0.084881,0.913226,0.000391,adjacent_class,90.0,0.5,ESCS,2001291N05158,PODUL,WP,pacific_ocean,western_pacific,2001-10-22T12:00:00Z,70.0,tokyo,G0070
data/processed/classification/VSCS/CLS_03689.png,CLS-IMG03282,VSCS,CS-SCS,0.912953,0.000142,0.912953,0.086905,0.0,adjacent_class,80.0,9.5,VSCS,2016108S17181,AMOS,SP,pacific_ocean,southern_pacific,2016-04-23T06:00:00Z,80.0,nadi,G0581
data/processed/classification/D-DD/CLS_01352.png,CLS-IMG01206,D-DD,CS-SCS,0.911717,0.088163,0.911717,0.00012,0.0,adjacent_class,25.0,8.5,D,2024031S24154,UNNAMED,SP,pacific_ocean,southern_pacific,2024-02-12T12:00:00Z,25.0,bom,G0867
data/processed/classification/CS-SCS/CLS_01631.png,CLS-IMG01459,CS-SCS,D-DD,0.908243,0.908243,0.091755,2e-06,0.0,adjacent_class,35.0,1.5,CS,2004125N11074,UNNAMED,NI,north_indian_ocean,arabian_sea,2004-05-07T12:00:00Z,55.0,newdelhi,G0167
data/processed/classification/D-DD/CLS_00015.png,CLS-IMG00014,D-DD,CS-SCS,0.90728,0.071232,0.90728,0.021057,0.000431,adjacent_class,25.0,8.5,D,2000056S17152,STEVE,SI,south_indian_ocean,,2000-03-02T03:00:00Z,,,G0010
data/processed/classification/ESCS-SuCS/CLS_04623.png,CLS-IMG04172,ESCS-SuCS,VSCS,0.905546,7.2e-05,0.000328,0.905546,0.094054,adjacent_class,103.0,13.5,ESCS,2007027S07069,DORA,SI,south_indian_ocean,,2007-02-04T03:00:00Z,,,G1386
data/processed/classification/ESCS-SuCS/CLS_04636.png,CLS-IMG04185,ESCS-SuCS,VSCS,0.899438,0.000107,0.000517,0.899438,0.099939,adjacent_class,98.0,8.5,ESCS,2007082S16125,KARA,SI,south_indian_ocean,,2007-03-26T21:00:00Z,95.0,bom,G1009
data/processed/classification/CS-SCS/CLS_02491.png,CLS-IMG02223,CS-SCS,D-DD,0.899276,0.899276,0.100719,4e-06,0.0,adjacent_class,45.0,11.5,CS,2019337N11072,UNNAMED,NI,north_indian_ocean,arabian_sea,2019-12-04T06:00:00Z,30.0,newdelhi,G0718
data/processed/classification/D-DD/CLS_00245.png,CLS-IMG00221,D-DD,CS-SCS,0.899114,0.100211,0.899114,0.00067,4e-06,adjacent_class,30.0,3.5,DD,2003338S09065,CELA,SI,south_indian_ocean,,2003-12-06T00:00:00Z,30.0,reunion,G0150
data/processed/classification/ESCS-SuCS/CLS_04446.png,CLS-IMG03996,ESCS-SuCS,CS-SCS,0.898452,0.003529,0.898452,0.097841,0.000178,non_adjacent,103.0,13.5,ESCS,2004061S12072,GAFILO,SI,south_indian_ocean,,2004-03-07T09:00:00Z,,,G1357
data/processed/classification/CS-SCS/CLS_02678.png,CLS-IMG02391,CS-SCS,VSCS,0.896791,0.005225,0.097969,0.896791,1.5e-05,adjacent_class,40.0,6.5,CS,2022265N17256,NEWTON,EP,pacific_ocean,eastern_pacific,2022-09-22T00:00:00Z,40.0,hurdat_epa,G1271
data/processed/classification/VSCS/CLS_04121.png,CLS-IMG03681,VSCS,CS-SCS,0.894271,0.001351,0.894271,0.104273,0.000104,adjacent_class,75.0,11.5,VSCS,2023213N14257,DORA,WP,pacific_ocean,western_pacific,2023-08-12T15:00:00Z,,,G1588
data/processed/classification/ESCS-SuCS/CLS_04447.png,CLS-IMG03997,ESCS-SuCS,VSCS,0.893203,9e-06,7.1e-05,0.893203,0.106717,adjacent_class,100.0,10.5,ESCS,2004072S11146,FAY,SI,south_indian_ocean,,2004-03-20T21:00:00Z,,,G1358
data/processed/classification/CS-SCS/CLS_02709.png,CLS-IMG02421,CS-SCS,VSCS,0.893192,0.033146,0.05839,0.893192,0.015272,adjacent_class,45.0,11.5,CS,2023138N05151,MAWAR,WP,pacific_ocean,western_pacific,2023-06-01T00:00:00Z,50.0,tokyo,G0838
data/processed/classification/CS-SCS/CLS_02674.png,CLS-IMG02387,CS-SCS,VSCS,0.885986,0.005907,0.107868,0.885986,0.000239,adjacent_class,60.0,3.5,SCS,2022248N14259,KAY,EP,pacific_ocean,eastern_pacific,2022-09-05T15:00:00Z,,,G1268
data/processed/classification/CS-SCS/CLS_02068.png,CLS-IMG01850,CS-SCS,D-DD,0.883135,0.883135,0.116863,2e-06,0.0,adjacent_class,45.0,11.5,CS,2012274N13151,MALIKSI,WP,pacific_ocean,western_pacific,2012-10-02T15:00:00Z,,,G1096
data/processed/classification/CS-SCS/CLS_01937.png,CLS-IMG01733,CS-SCS,D-DD,0.88312,0.88312,0.111419,0.005299,0.000162,adjacent_class,38.0,4.5,CS,2009247N19089,UNNAMED,NI,north_indian_ocean,bay_of_bengal,2009-09-05T09:00:00Z,30.0,newdelhi,G0355
data/processed/classification/VSCS/CLS_02991.png,CLS-IMG02666,VSCS,CS-SCS,0.883106,0.071725,0.883106,0.045134,3.5e-05,adjacent_class,65.0,1.5,VSCS,2003196N11137,KONI,WP,pacific_ocean,western_pacific,2003-07-20T18:00:00Z,60.0,tokyo,G0132
data/processed/classification/D-DD/CLS_01103.png,CLS-IMG00979,D-DD,CS-SCS,0.882086,0.117909,0.882086,5e-06,0.0,adjacent_class,25.0,8.5,D,2019320N09264,UNNAMED,EP,pacific_ocean,eastern_pacific,2019-11-17T12:00:00Z,25.0,hurdat_epa,G0716
data/processed/classification/D-DD/CLS_01053.png,CLS-IMG00934,D-DD,VSCS,0.881037,0.011528,0.106761,0.881037,0.000674,non_adjacent,30.0,3.5,DD,2018279N11069,LUBAN,NI,north_indian_ocean,arabian_sea,2018-10-14T12:00:00Z,30.0,newdelhi,G0680
data/processed/classification/CS-SCS/CLS_01600.png,CLS-IMG01431,CS-SCS,D-DD,0.879858,0.879858,0.118394,0.001658,9e-05,adjacent_class,35.0,1.5,CS,2003221N14249,HILDA,EP,pacific_ocean,eastern_pacific,2003-08-10T15:00:00Z,,,G0136
data/processed/classification/D-DD/CLS_00117.png,CLS-IMG00105,D-DD,CS-SCS,0.875787,0.001362,0.875787,0.091212,0.031639,adjacent_class,25.0,8.5,D,2001291N05158,PODUL,WP,pacific_ocean,western_pacific,2001-10-18T00:00:00Z,,tokyo,G0070
data/processed/classification/CS-SCS/CLS_01414.png,CLS-IMG01264,CS-SCS,VSCS,0.865107,0.004186,0.130534,0.865107,0.000172,adjacent_class,40.0,6.5,CS,2000056S17152,STEVE,SP,pacific_ocean,southern_pacific,2000-02-29T12:00:00Z,,,G0010
data/processed/classification/CS-SCS/CLS_02287.png,CLS-IMG02043,CS-SCS,D-DD,0.861637,0.861637,0.094415,0.043937,1.1e-05,adjacent_class,50.0,13.5,SCS,2016108S17181,AMOS,SP,pacific_ocean,southern_pacific,2016-04-20T21:00:00Z,,,G0581
data/processed/classification/VSCS/CLS_03166.png,CLS-IMG02822,VSCS,CS-SCS,0.859174,0.0064,0.859174,0.134425,0.0,adjacent_class,68.0,4.5,VSCS,2006242N16246,KRISTY,EP,pacific_ocean,eastern_pacific,2006-08-31T15:00:00Z,,,G0245
data/processed/classification/D-DD/CLS_00290.png,CLS-IMG00263,D-DD,CS-SCS,0.857251,0.142645,0.857251,0.000103,1e-06,adjacent_class,30.0,3.5,DD,2004243S03088,PHOEBE,SI,south_indian_ocean,,2004-09-04T12:00:00Z,30.0,bom,G0181
data/processed/classification/ESCS-SuCS/CLS_04682.png,CLS-IMG04227,ESCS-SuCS,VSCS,0.857083,2e-06,4.9e-05,0.857083,0.142866,adjacent_class,90.0,0.5,ESCS,2008037S10055,IVAN,SI,south_indian_ocean,,2008-02-15T15:00:00Z,,,G1026
data/processed/classification/CS-SCS/CLS_01750.png,CLS-IMG01570,CS-SCS,VSCS,0.853564,0.084057,0.057856,0.853564,0.004522,adjacent_class,40.0,6.5,CS,2006225N17126,SONAMU,WP,pacific_ocean,western_pacific,2006-08-14T12:00:00Z,35.0,tokyo,G0242
data/processed/classification/CS-SCS/CLS_01603.png,CLS-IMG01434,CS-SCS,D-DD,0.852407,0.852407,0.147584,9e-06,0.0,adjacent_class,35.0,1.5,CS,2003240N20139,DUJUAN,WP,pacific_ocean,western_pacific,2003-08-28T21:00:00Z,,,G0952
data/processed/classification/CS-SCS/CLS_02463.png,CLS-IMG02200,CS-SCS,D-DD,0.852046,0.852046,0.147904,4.6e-05,3e-06,adjacent_class,35.0,1.5,CS,2019188N16245,COSME,EP,pacific_ocean,eastern_pacific,2019-07-07T18:00:00Z,35.0,hurdat_epa,G1203
data/processed/classification/D-DD/CLS_00269.png,CLS-IMG00244,D-DD,CS-SCS,0.8508,0.065878,0.8508,0.082874,0.000449,adjacent_class,33.0,0.5,DD,2004098S15173,UNNAMED,SP,pacific_ocean,southern_pacific,2004-04-07T21:00:00Z,,,G0166
data/processed/classification/VSCS/CLS_03287.png,CLS-IMG02928,VSCS,ESCS-SuCS,0.84946,7e-06,0.000221,0.150313,0.84946,adjacent_class,83.0,6.5,VSCS,2009064S13148,HAMISH,SP,pacific_ocean,southern_pacific,2009-03-06T15:00:00Z,,,G1413
data/processed/classification/D-DD/CLS_00887.png,CLS-IMG00776,D-DD,CS-SCS,0.841878,0.019511,0.841878,0.138605,6e-06,adjacent_class,30.0,3.5,DD,2015273N12130,MUJIGAE,WP,pacific_ocean,western_pacific,2015-10-02T00:00:00Z,40.0,tokyo,G0565
data/processed/classification/ESCS-SuCS/CLS_04331.png,CLS-IMG03881,ESCS-SuCS,VSCS,0.839857,1.8e-05,0.000728,0.839857,0.159398,adjacent_class,100.0,10.5,ESCS,2002096S10103,DIANNE:JERY,SI,south_indian_ocean,,2002-04-09T18:00:00Z,80.0,reunion,G0093
data/processed/classification/CS-SCS/CLS_02509.png,CLS-IMG02238,CS-SCS,VSCS,0.839713,0.000256,0.048072,0.839713,0.111959,adjacent_class,43.0,9.5,CS,2020052S13140,ESTHER,SP,pacific_ocean,southern_pacific,2020-02-23T21:00:00Z,,,G0730
data/processed/classification/CS-SCS/CLS_02273.png,CLS-IMG02029,CS-SCS,D-DD,0.83765,0.83765,0.099028,0.063319,3e-06,adjacent_class,50.0,13.5,SCS,2015344N07145,MELOR,WP,pacific_ocean,western_pacific,2015-12-12T06:00:00Z,45.0,tokyo,G1150
data/processed/classification/VSCS/CLS_04104.png,CLS-IMG03665,VSCS,CS-SCS,0.83401,0.034191,0.83401,0.131647,0.000151,adjacent_class,73.0,9.5,VSCS,2023129N08091,MOCHA,NI,north_indian_ocean,bay_of_bengal,2023-05-14T15:00:00Z,60.0,newdelhi,G0837
data/processed/classification/CS-SCS/CLS_02230.png,CLS-IMG01993,CS-SCS,VSCS,0.831136,0.001285,0.167363,0.831136,0.000216,adjacent_class,43.0,9.5,CS,2015092S18074,JOALANE,SI,south_indian_ocean,,2015-04-06T21:00:00Z,,,G0545
data/processed/classification/CS-SCS/CLS_02421.png,CLS-IMG02164,CS-SCS,VSCS,0.831006,0.086325,0.075128,0.831006,0.007541,adjacent_class,40.0,6.5,CS,2018204N15137,JONGDARI,WP,pacific_ocean,western_pacific,2018-07-25T06:00:00Z,40.0,tokyo,G1192
data/processed/classification/D-DD/CLS_00153.png,CLS-IMG00138,D-DD,VSCS,0.82963,0.163348,0.007019,0.82963,3e-06,non_adjacent,33.0,0.5,DD,2002096S10103,DIANNE:JERY,SI,south_indian_ocean,,2002-04-06T21:00:00Z,35.0,bom,G0093
data/processed/classification/D-DD/CLS_00073.png,CLS-IMG00065,D-DD,CS-SCS,0.819546,0.172766,0.819546,0.006976,0.000712,adjacent_class,25.0,8.5,D,2001039S11139,WINSOME,SI,south_indian_ocean,,2001-02-12T03:00:00Z,,,G0044
data/processed/classification/CS-SCS/CLS_02174.png,CLS-IMG01942,CS-SCS,D-DD,0.817821,0.817821,0.17781,0.003386,0.000984,adjacent_class,35.0,1.5,CS,2014093N02148,PEIPAH,WP,pacific_ocean,western_pacific,2014-04-04T00:00:00Z,,tokyo,G1124
data/processed/classification/D-DD/CLS_00845.png,CLS-IMG00739,D-DD,CS-SCS,0.817317,0.182004,0.817317,0.000675,4e-06,adjacent_class,30.0,3.5,DD,2014329N08131,SINLAKU,WP,pacific_ocean,western_pacific,2014-11-27T18:00:00Z,,tokyo,G0534
data/processed/classification/ESCS-SuCS/CLS_04858.png,CLS-IMG04397,ESCS-SuCS,VSCS,0.817061,0.045091,0.12523,0.817061,0.012618,adjacent_class,90.0,0.5,ESCS,2012018S16041,FUNSO,SI,south_indian_ocean,,2012-01-22T12:00:00Z,60.0,reunion,G1436
data/processed/classification/CS-SCS/CLS_01801.png,CLS-IMG01612,CS-SCS,D-DD,0.811936,0.811936,0.188058,5e-06,0.0,adjacent_class,35.0,1.5,CS,2007208S03086,UNNAMED,SI,south_indian_ocean,,2007-07-30T06:00:00Z,35.0,bom,G1014
data/processed/classification/CS-SCS/CLS_02707.png,CLS-IMG02419,CS-SCS,D-DD,0.810399,0.810399,0.189423,0.000177,1e-06,adjacent_class,40.0,6.5,CS,2023096S07135,ILSA,SI,south_indian_ocean,,2023-04-10T09:00:00Z,,,G1283
data/processed/classification/CS-SCS/CLS_01716.png,CLS-IMG01539,CS-SCS,D-DD,0.805359,0.805359,0.19409,0.000513,3.8e-05,adjacent_class,35.0,1.5,CS,2005351S09084,UNNAMED,SI,south_indian_ocean,,2005-12-24T12:00:00Z,,,G0987
data/processed/classification/CS-SCS/CLS_02473.png,CLS-IMG02208,CS-SCS,VSCS,0.804675,0.005031,0.190194,0.804675,0.000101,adjacent_class,55.0,8.5,SCS,2019244N13253,JULIETTE,EP,pacific_ocean,eastern_pacific,2019-09-06T21:00:00Z,,,G1207
data/processed/classification/ESCS-SuCS/CLS_04528.png,CLS-IMG04078,ESCS-SuCS,VSCS,0.804078,0.000692,0.194811,0.804078,0.00042,adjacent_class,90.0,0.5,ESCS,2005232N13263,HILARY,EP,pacific_ocean,eastern_pacific,2005-08-22T03:00:00Z,,,G0214
data/processed/classification/CS-SCS/CLS_02642.png,CLS-IMG02357,CS-SCS,VSCS,0.799177,0.004465,0.196299,0.799177,5.9e-05,adjacent_class,45.0,11.5,CS,2022058S17163,EVA,SP,pacific_ocean,southern_pacific,2022-03-03T00:00:00Z,30.0,wellington,G0803
data/processed/classification/CS-SCS/CLS_01444.png,CLS-IMG01290,CS-SCS,D-DD,0.795613,0.795613,0.204375,1.1e-05,0.0,adjacent_class,60.0,3.5,SCS,2000226N16258,ILEANA,EP,pacific_ocean,eastern_pacific,2000-08-15T06:00:00Z,60.0,hurdat_epa,G0906
data/processed/classification/CS-SCS/CLS_01531.png,CLS-IMG01371,CS-SCS,VSCS,0.792864,0.001764,0.205308,0.792864,6.4e-05,adjacent_class,40.0,6.5,CS,2002126N09068,UNNAMED,NI,north_indian_ocean,arabian_sea,2002-05-10T06:00:00Z,35.0,newdelhi,G0095
data/processed/classification/ESCS-SuCS/CLS_04799.png,CLS-IMG04338,ESCS-SuCS,VSCS,0.788314,0.001176,0.000568,0.788314,0.209942,adjacent_class,105.0,15.5,ESCS,2010172N08272,DARBY,EP,pacific_ocean,eastern_pacific,2010-06-25T21:00:00Z,105.0,hurdat_epa,G1426
data/processed/classification/CS-SCS/CLS_02763.png,CLS-IMG02467,CS-SCS,D-DD,0.787454,0.787454,0.21247,6.7e-05,8e-06,adjacent_class,40.0,6.5,CS,2024145N14087,REMAL,NI,north_indian_ocean,bay_of_bengal,2024-05-26T00:00:00Z,50.0,newdelhi,G0877
data/processed/classification/CS-SCS/CLS_02744.png,CLS-IMG02449,CS-SCS,D-DD,0.786144,0.786144,0.213841,1.5e-05,0.0,adjacent_class,35.0,1.5,CS,2024031S24154,UNNAMED,SP,pacific_ocean,southern_pacific,2024-02-08T18:00:00Z,25.0,bom,G0867
data/processed/classification/CS-SCS/CLS_02328.png,CLS-IMG02081,CS-SCS,D-DD,0.783586,0.783586,0.216414,0.0,0.0,adjacent_class,35.0,1.5,CS,2017025S16128,UNNAMED,SI,south_indian_ocean,,2017-01-29T00:00:00Z,40.0,bom,G0606
data/processed/classification/CS-SCS/CLS_01407.png,CLS-IMG01257,CS-SCS,VSCS,0.782698,0.137884,0.077321,0.782698,0.002097,adjacent_class,50.0,13.5,SCS,2000023S15172,JO,SP,pacific_ocean,southern_pacific,2000-01-24T21:00:00Z,,,G0004
data/processed/classification/CS-SCS/CLS_01908.png,CLS-IMG01707,CS-SCS,D-DD,0.758705,0.758705,0.229372,0.011913,9e-06,adjacent_class,43.0,9.5,CS,2009082S15154,JASPER,SP,pacific_ocean,southern_pacific,2009-03-24T21:00:00Z,,,G0338
data/processed/classification/CS-SCS/CLS_02465.png,CLS-IMG02202,CS-SCS,D-DD,0.756969,0.756969,0.242915,9.5e-05,2.1e-05,adjacent_class,35.0,1.5,CS,2019203N15244,DALILA,EP,pacific_ocean,eastern_pacific,2019-07-24T00:00:00Z,35.0,hurdat_epa,G1205
data/processed/classification/CS-SCS/CLS_01643.png,CLS-IMG01471,CS-SCS,D-DD,0.753828,0.753828,0.24228,0.003867,2.6e-05,adjacent_class,40.0,6.5,CS,2004195N15255,BLAS,EP,pacific_ocean,eastern_pacific,2004-07-12T21:00:00Z,,,G0962
data/processed/classification/D-DD/CLS_00208.png,CLS-IMG00186,D-DD,VSCS,0.750263,0.086727,0.162996,0.750263,1.5e-05,non_adjacent,33.0,0.5,DD,2003067S13130,CRAIG,SI,south_indian_ocean,,2003-03-09T21:00:00Z,45.0,bom,G0124
data/processed/classification/D-DD/CLS_01097.png,CLS-IMG00973,D-DD,CS-SCS,0.749476,0.249774,0.749476,0.000714,3.6e-05,adjacent_class,30.0,3.5,DD,2019285N15198,EMA,EP,pacific_ocean,eastern_pacific,2019-10-14T03:00:00Z,,,G0712
data/processed/classification/D-DD/CLS_00079.png,CLS-IMG00070,D-DD,CS-SCS,0.749215,0.247683,0.749215,0.002122,0.000979,adjacent_class,25.0,8.5,D,2001060S19223,RITA,SP,pacific_ocean,southern_pacific,2001-02-28T18:00:00Z,,,G0049
data/processed/classification/CS-SCS/CLS_02248.png,CLS-IMG02007,CS-SCS,VSCS,0.748504,0.013067,0.238426,0.748504,2e-06,adjacent_class,55.0,8.5,SCS,2015211N13162,SOUDELOR,WP,pacific_ocean,western_pacific,2015-08-01T21:00:00Z,,,G1143
data/processed/classification/CS-SCS/CLS_01528.png,CLS-IMG01368,CS-SCS,D-DD,0.747583,0.747583,0.247885,0.004528,4e-06,adjacent_class,40.0,6.5,CS,2002126N09068,UNNAMED,NI,north_indian_ocean,arabian_sea,2002-05-07T12:00:00Z,30.0,newdelhi,G0095
data/processed/classification/VSCS/CLS_03289.png,CLS-IMG02930,VSCS,CS-SCS,0.747343,0.225438,0.747343,0.026929,0.00029,adjacent_class,70.0,6.5,VSCS,2009064S13148,HAMISH,SP,pacific_ocean,southern_pacific,2009-03-10T21:00:00Z,,,G1413
data/processed/classification/CS-SCS/CLS_01667.png,CLS-IMG01493,CS-SCS,VSCS,0.743143,0.029863,0.226984,0.743143,1e-05,adjacent_class,35.0,1.5,CS,2005012N04090,UNNAMED,NI,north_indian_ocean,bay_of_bengal,2005-01-15T06:00:00Z,35.0,newdelhi,G0198
data/processed/classification/ESCS-SuCS/CLS_04417.png,CLS-IMG03967,ESCS-SuCS,VSCS,0.739823,1e-05,0.000389,0.739823,0.259779,adjacent_class,98.0,8.5,ESCS,2003240N20139,DUJUAN,WP,pacific_ocean,western_pacific,2003-08-31T15:00:00Z,,,G0952
data/processed/classification/CS-SCS/CLS_01685.png,CLS-IMG01510,CS-SCS,D-DD,0.739232,0.739232,0.14527,0.113321,0.002178,adjacent_class,43.0,9.5,CS,2005173N14258,BEATRIZ,EP,pacific_ocean,eastern_pacific,2005-06-22T21:00:00Z,,,G0974
data/processed/classification/CS-SCS/CLS_02492.png,CLS-IMG02224,CS-SCS,VSCS,0.733889,0.074612,0.186669,0.733889,0.00483,adjacent_class,35.0,1.5,CS,2019335N05058,PAWAN,NI,north_indian_ocean,arabian_sea,2019-12-06T03:00:00Z,35.0,newdelhi,G0718
data/processed/classification/D-DD/CLS_00996.png,CLS-IMG00878,D-DD,CS-SCS,0.732581,0.246898,0.732581,0.020413,0.000108,adjacent_class,30.0,3.5,DD,2017312N10134,HAIKUI,WP,pacific_ocean,western_pacific,2017-11-09T06:00:00Z,,tokyo,G0640
data/processed/classification/D-DD/CLS_00812.png,CLS-IMG00712,D-DD,VSCS,0.73053,0.001076,0.258964,0.73053,0.00943,non_adjacent,25.0,8.5,D,2014066S15152,HADI,SP,pacific_ocean,southern_pacific,2014-03-09T18:00:00Z,35.0,bom,G0511
data/processed/classification/CS-SCS/CLS_02338.png,CLS-IMG02090,CS-SCS,VSCS,0.727275,0.017483,0.255197,0.727275,4.5e-05,adjacent_class,55.0,8.5,SCS,2017060S09139,BLANCHE,SI,south_indian_ocean,,2017-03-06T00:00:00Z,55.0,bom,G0611
data/processed/classification/CS-SCS/CLS_01554.png,CLS-IMG01392,CS-SCS,VSCS,0.726974,0.004421,0.268587,0.726974,1.8e-05,adjacent_class,40.0,6.5,CS,2002252N20121,HAGUPIT,WP,pacific_ocean,western_pacific,2002-09-11T00:00:00Z,35.0,tokyo,G0106
data/processed/classification/ESCS-SuCS/CLS_04237.png,CLS-IMG03787,ESCS-SuCS,VSCS,0.726305,2e-05,5.3e-05,0.726305,0.273622,adjacent_class,105.0,15.5,ESCS,2000205N10260,DANIEL,EP,pacific_ocean,eastern_pacific,2000-07-26T06:00:00Z,105.0,hurdat_epa,G1319
data/processed/classification/ESCS-SuCS/CLS_04800.png,CLS-IMG04339,ESCS-SuCS,CS-SCS,0.726013,0.009771,0.726013,0.263904,0.000312,non_adjacent,98.0,8.5,ESCS,2010172N08272,DARBY,EP,pacific_ocean,eastern_pacific,2010-06-26T09:00:00Z,,,G1426
data/processed/classification/CS-SCS/CLS_02067.png,CLS-IMG01849,CS-SCS,D-DD,0.725909,0.725909,0.271631,0.002067,0.000394,adjacent_class,38.0,4.5,CS,2012272N22251,NORMAN,EP,pacific_ocean,eastern_pacific,2012-09-28T21:00:00Z,,,G1095
data/processed/classification/D-DD/CLS_00627.png,CLS-IMG00552,D-DD,CS-SCS,0.721953,0.278038,0.721953,9e-06,0.0,adjacent_class,33.0,0.5,DD,2010305N06105,JAL,NI,north_indian_ocean,bay_of_bengal,2010-11-07T21:00:00Z,,,G0392
data/processed/classification/VSCS/CLS_03747.png,CLS-IMG03335,VSCS,CS-SCS,0.708931,0.107986,0.708931,0.18124,0.001843,adjacent_class,65.0,1.5,VSCS,2017122S13170,DONNA,SP,pacific_ocean,southern_pacific,2017-05-09T15:00:00Z,,,G1508
data/processed/classification/ESCS-SuCS/CLS_04797.png,CLS-IMG04336,ESCS-SuCS,VSCS,0.705823,0.035151,0.066591,0.705823,0.192435,adjacent_class,95.0,5.5,ESCS,2010172N08272,DARBY,EP,pacific_ocean,eastern_pacific,2010-06-25T09:00:00Z,,,G1426
data/processed/classification/CS-SCS/CLS_01573.png,CLS-IMG01408,CS-SCS,D-DD,0.701726,0.701726,0.247633,0.048472,0.002168,adjacent_class,35.0,1.5,CS,2003007S10072,EBULA,SI,south_indian_ocean,,2003-01-12T06:00:00Z,40.0,reunion,G0114
data/processed/classification/VSCS/CLS_03608.png,CLS-IMG03213,VSCS,ESCS-SuCS,0.700247,3e-06,5.5e-05,0.299695,0.700247,adjacent_class,80.0,9.5,VSCS,2015066S08170,PAM,SP,pacific_ocean,southern_pacific,2015-03-15T03:00:00Z,,,G1475
data/processed/classification/CS-SCS/CLS_02007.png,CLS-IMG01794,CS-SCS,ESCS-SuCS,0.694045,0.000266,0.000985,0.304704,0.694045,non_adjacent,60.0,3.5,SCS,2011013S15151,ZELIA,SP,pacific_ocean,southern_pacific,2011-01-15T06:00:00Z,50.0,bom,G0396
data/processed/classification/ESCS-SuCS/CLS_04859.png,CLS-IMG04398,ESCS-SuCS,CS-SCS,0.691114,0.003261,0.691114,0.302351,0.003274,non_adjacent,100.0,10.5,ESCS,2012018S16041,FUNSO,SI,south_indian_ocean,,2012-01-23T12:00:00Z,85.0,reunion,G1436
data/processed/classification/VSCS/CLS_03615.png,CLS-IMG03220,VSCS,ESCS-SuCS,0.687239,0.000238,0.000895,0.311629,0.687239,adjacent_class,85.0,4.5,VSCS,2015092S18074,JOALANE,SI,south_indian_ocean,,2015-04-08T09:00:00Z,,,G0545
data/processed/classification/D-DD/CLS_00746.png,CLS-IMG00654,D-DD,CS-SCS,0.681939,0.317847,0.681939,0.00014,7.4e-05,adjacent_class,30.0,3.5,DD,2013051S12102,UNNAMED,SI,south_indian_ocean,,2013-02-26T21:00:00Z,,,G0470
data/processed/classification/D-DD/CLS_00144.png,CLS-IMG00129,D-DD,VSCS,0.68065,0.025305,0.286236,0.68065,0.00781,non_adjacent,30.0,3.5,DD,2002033S13121,CHRIS,SI,south_indian_ocean,,2002-02-03T00:00:00Z,40.0,bom,G0085
data/processed/classification/VSCS/CLS_04102.png,CLS-IMG03663,VSCS,ESCS-SuCS,0.677949,1.1e-05,5.8e-05,0.321982,0.677949,adjacent_class,88.0,1.5,VSCS,2023096S07135,ILSA,SI,south_indian_ocean,,2023-04-13T21:00:00Z,,,G1283
data/processed/classification/D-DD/CLS_00762.png,CLS-IMG00668,D-DD,CS-SCS,0.673658,0.325449,0.673658,0.000879,1.4e-05,adjacent_class,33.0,0.5,DD,2013232N14252,IVO,EP,pacific_ocean,eastern_pacific,2013-08-22T21:00:00Z,,,G0483
data/processed/classification/CS-SCS/CLS_02153.png,CLS-IMG01924,CS-SCS,VSCS,0.670421,1.6e-05,0.000872,0.670421,0.328692,adjacent_class,63.0,0.5,SCS,2013360S12124,CHRISTINE,SI,south_indian_ocean,,2013-12-31T09:00:00Z,,,G0498
data/processed/classification/D-DD/CLS_01000.png,CLS-IMG00882,D-DD,CS-SCS,0.666098,0.282459,0.666098,0.051328,0.000115,adjacent_class,28.0,5.5,DD,2017360S15124,HILDA,SI,south_indian_ocean,,2017-12-29T21:00:00Z,,,G0643
data/processed/classification/D-DD/CLS_00077.png,CLS-IMG00068,D-DD,VSCS,0.664939,0.013794,0.320902,0.664939,0.000364,non_adjacent,30.0,3.5,DD,2001049S17198,OMA,SP,pacific_ocean,southern_pacific,2001-02-20T06:00:00Z,30.0,nadi,G0047
data/processed/classification/CS-SCS/CLS_02284.png,CLS-IMG02040,CS-SCS,VSCS,0.660073,0.03409,0.305637,0.660073,0.000201,adjacent_class,50.0,13.5,SCS,2016095S13162,ZENA,SP,pacific_ocean,southern_pacific,2016-04-05T09:00:00Z,35.0,nadi,G0580
data/processed/classification/D-DD/CLS_00794.png,CLS-IMG00695,D-DD,CS-SCS,0.658048,0.341355,0.658048,0.000596,0.0,adjacent_class,33.0,0.5,DD,2014003N08086,UNNAMED,NI,north_indian_ocean,bay_of_bengal,2014-01-04T03:00:00Z,25.0,newdelhi,G0499
data/processed/classification/D-DD/CLS_00248.png,CLS-IMG00223,D-DD,CS-SCS,0.654512,0.345477,0.654512,5e-06,6e-06,adjacent_class,25.0,8.5,D,2003345N05092,UNNAMED,NI,north_indian_ocean,bay_of_bengal,2003-12-12T12:00:00Z,25.0,newdelhi,G0151
data/processed/classification/ESCS-SuCS/CLS_04450.png,CLS-IMG04000,ESCS-SuCS,CS-SCS,0.649173,0.037805,0.649173,0.312876,0.000146,non_adjacent,90.0,0.5,ESCS,2004072S11146,FAY,SI,south_indian_ocean,,2004-03-23T12:00:00Z,65.0,bom,G1358
data/processed/classification/D-DD/CLS_00226.png,CLS-IMG00202,D-DD,VSCS,0.64289,0.019212,0.335795,0.64289,0.002103,non_adjacent,30.0,3.5,DD,2003221N14249,HILDA,EP,pacific_ocean,eastern_pacific,2003-08-09T15:00:00Z,,,G0136
data/processed/classification/VSCS/CLS_03107.png,CLS-IMG02771,VSCS,CS-SCS,0.636813,0.355057,0.636813,0.008119,1.1e-05,adjacent_class,68.0,4.5,VSCS,2005230N20144,MAWAR,WP,pacific_ocean,western_pacific,2005-08-26T03:00:00Z,50.0,tokyo,G0980
data/processed/classification/CS-SCS/CLS_02750.png,CLS-IMG02455,CS-SCS,D-DD,0.635539,0.635539,0.364456,5e-06,0.0,adjacent_class,50.0,13.5,SCS,2024049S17052,ELEANOR,SI,south_indian_ocean,,2024-02-21T03:00:00Z,,,G0871
data/processed/classification/D-DD/CLS_00395.png,CLS-IMG00356,D-DD,CS-SCS,0.635469,0.045126,0.635469,0.318748,0.000657,adjacent_class,23.0,10.5,D,2006225N17126,SONAMU,WP,pacific_ocean,western_pacific,2006-08-16T09:00:00Z,,,G0242
data/processed/classification/CS-SCS/CLS_02558.png,CLS-IMG02282,CS-SCS,VSCS,0.634101,0.008521,0.35599,0.634101,0.001388,adjacent_class,48.0,14.5,SCS,2020347S14190,ZAZU,SP,pacific_ocean,southern_pacific,2020-12-14T15:00:00Z,,,G0754
data/processed/classification/CS-SCS/CLS_01694.png,CLS-IMG01518,CS-SCS,VSCS,0.627687,0.006258,0.362639,0.627687,0.003416,adjacent_class,55.0,8.5,SCS,2005229N21156,GUCHOL,WP,pacific_ocean,western_pacific,2005-08-24T15:00:00Z,,,G0980
data/processed/classification/CS-SCS/CLS_02439.png,CLS-IMG02182,CS-SCS,D-DD,0.624993,0.624993,0.366928,0.006196,0.001883,adjacent_class,43.0,9.5,CS,2018324N04156,MAN-YI,WP,pacific_ocean,western_pacific,2018-11-26T03:00:00Z,,,G0687
data/processed/classification/D-DD/CLS_00551.png,CLS-IMG00487,D-DD,CS-SCS,0.618767,0.381159,0.618767,6.7e-05,7e-06,adjacent_class,33.0,0.5,DD,2009082S15154,JASPER,SP,pacific_ocean,southern_pacific,2009-03-25T09:00:00Z,,,G0338
data/processed/classification/ESCS-SuCS/CLS_04762.png,CLS-IMG04302,ESCS-SuCS,VSCS,0.617794,4.6e-05,4.8e-05,0.617794,0.382112,adjacent_class,108.0,18.5,ESCS,2009289N12230,NEKI,EP,pacific_ocean,eastern_pacific,2009-10-22T03:00:00Z,,,G1060
data/processed/classification/D-DD/CLS_01109.png,CLS-IMG00985,D-DD,VSCS,0.61604,0.010478,0.365719,0.61604,0.007764,non_adjacent,30.0,3.5,DD,2019335N05058,PAWAN,NI,north_indian_ocean,arabian_sea,2019-12-04T00:00:00Z,30.0,newdelhi,G0718
data/processed/classification/VSCS/CLS_03266.png,CLS-IMG02909,VSCS,ESCS-SuCS,0.615829,0.000102,0.000284,0.383786,0.615829,adjacent_class,68.0,4.5,VSCS,2008179N12252,BORIS,EP,pacific_ocean,eastern_pacific,2008-07-02T09:00:00Z,,,G1405
data/processed/classification/D-DD/CLS_00249.png,CLS-IMG00224,D-DD,CS-SCS,0.611998,0.387837,0.611998,0.000165,0.0,adjacent_class,30.0,3.5,DD,2003345N05092,UNNAMED,NI,north_indian_ocean,bay_of_bengal,2003-12-13T00:00:00Z,,,G0151
data/processed/classification/D-DD/CLS_00894.png,CLS-IMG00783,D-DD,CS-SCS,0.60456,0.395435,0.60456,4e-06,0.0,adjacent_class,30.0,3.5,DD,2015282N11230,NORA,EP,pacific_ocean,eastern_pacific,2015-10-14T12:00:00Z,30.0,hurdat_epa,G0567
data/processed/classification/CS-SCS/CLS_02301.png,CLS-IMG02056,CS-SCS,D-DD,0.599394,0.599394,0.40055,5.4e-05,1e-06,adjacent_class,43.0,9.5,CS,2016216N14243,IVETTE,EP,pacific_ocean,eastern_pacific,2016-08-06T21:00:00Z,,,G0589
data/processed/classification/ESCS-SuCS/CLS_04596.png,CLS-IMG04145,ESCS-SuCS,VSCS,0.599049,7e-06,5.9e-05,0.599049,0.400884,adjacent_class,95.0,5.5,ESCS,2006240N12265,JOHN,EP,pacific_ocean,eastern_pacific,2006-08-31T15:00:00Z,,,G0245
data/processed/classification/VSCS/CLS_03527.png,CLS-IMG03143,VSCS,CS-SCS,0.586134,0.413863,0.586134,3e-06,0.0,adjacent_class,65.0,1.5,VSCS,2013339N09084,MADI,NI,north_indian_ocean,bay_of_bengal,2013-12-10T18:00:00Z,50.0,newdelhi,G0497
data/processed/classification/VSCS/CLS_03104.png,CLS-IMG02768,VSCS,CS-SCS,0.583825,0.288441,0.583825,0.127542,0.000192,adjacent_class,70.0,6.5,VSCS,2005232N13263,HILARY,EP,pacific_ocean,eastern_pacific,2005-08-21T09:00:00Z,,,G0214
data/processed/classification/VSCS/CLS_03499.png,CLS-IMG03116,VSCS,CS-SCS,0.583714,0.415554,0.583714,0.000675,5.8e-05,adjacent_class,65.0,1.5,VSCS,2013214N13243,HENRIETTE,EP,pacific_ocean,eastern_pacific,2013-08-09T06:00:00Z,65.0,hurdat_epa,G0480
data/processed/classification/D-DD/CLS_00716.png,CLS-IMG00629,D-DD,CS-SCS,0.581086,0.245876,0.581086,0.169183,0.003855,adjacent_class,28.0,5.5,DD,2012267N16141,EWINIAR,WP,pacific_ocean,western_pacific,2012-09-24T09:00:00Z,,,G0451
data/processed/classification/D-DD/CLS_01073.png,CLS-IMG00952,D-DD,CS-SCS,0.579016,0.420439,0.579016,0.000515,3e-05,adjacent_class,23.0,10.5,D,2018363S12145,PENNY,SP,pacific_ocean,southern_pacific,2019-01-09T09:00:00Z,,,G0692
data/processed/classification/CS-SCS/CLS_02684.png,CLS-IMG02396,CS-SCS,D-DD,0.577261,0.577261,0.404697,0.015037,0.003004,adjacent_class,35.0,1.5,CS,2022276N15249,PAINE,EP,pacific_ocean,eastern_pacific,2022-10-05T00:00:00Z,35.0,hurdat_epa,G1275
data/processed/classification/CS-SCS/CLS_02399.png,CLS-IMG02143,CS-SCS,VSCS,0.573703,0.185827,0.24042,0.573703,5e-05,adjacent_class,35.0,1.5,CS,2018079S08137,NORA,SP,pacific_ocean,southern_pacific,2018-03-22T12:00:00Z,35.0,bom,G0652
data/processed/classification/D-DD/CLS_00037.png,CLS-IMG00034,D-DD,CS-SCS,0.572679,0.230672,0.572679,0.196288,0.000362,adjacent_class,30.0,3.5,DD,2000220N24149,UNNAMED,WP,pacific_ocean,western_pacific,2000-08-09T21:00:00Z,,,G0026
data/processed/classification/CS-SCS/CLS_02414.png,CLS-IMG02157,CS-SCS,VSCS,0.56436,0.001806,0.433827,0.56436,8e-06,adjacent_class,45.0,11.5,CS,2018161N12260,BUD,EP,pacific_ocean,eastern_pacific,2018-06-13T18:00:00Z,45.0,hurdat_epa,G0664
data/processed/classification/CS-SCS/CLS_02170.png,CLS-IMG01939,CS-SCS,VSCS,0.559736,0.003615,0.436647,0.559736,2e-06,adjacent_class,40.0,6.5,CS,2014068S16169,LUSI,SP,pacific_ocean,southern_pacific,2014-03-10T15:00:00Z,,,G0511
data/processed/classification/VSCS/CLS_02958.png,CLS-IMG02637,VSCS,ESCS-SuCS,0.554864,7.9e-05,0.000898,0.44416,0.554864,adjacent_class,65.0,1.5,VSCS,2003007S10072,EBULA,SI,south_indian_ocean,,2003-01-10T18:00:00Z,60.0,reunion,G0114
data/processed/classification/CS-SCS/CLS_02487.png,CLS-IMG02219,CS-SCS,D-DD,0.552052,0.552052,0.369378,0.078568,1e-06,adjacent_class,45.0,11.5,CS,2019314N14136,KALMAEGI,WP,pacific_ocean,western_pacific,2019-11-17T06:00:00Z,40.0,tokyo,G1214
data/processed/classification/CS-SCS/CLS_01884.png,CLS-IMG01686,CS-SCS,D-DD,0.548606,0.548606,0.451374,1.9e-05,0.0,adjacent_class,35.0,1.5,CS,2008338N06092,UNNAMED,NI,north_indian_ocean,bay_of_bengal,2008-12-06T03:00:00Z,30.0,newdelhi,G0326
data/processed/classification/CS-SCS/CLS_02383.png,CLS-IMG02129,CS-SCS,D-DD,0.547797,0.547797,0.451853,0.000347,3e-06,adjacent_class,35.0,1.5,CS,2017360S15124,HILDA,SI,south_indian_ocean,,2017-12-28T15:00:00Z,,,G0643
data/processed/classification/ESCS-SuCS/CLS_04863.png,CLS-IMG04402,ESCS-SuCS,VSCS,0.539639,0.000289,0.00061,0.539639,0.459462,adjacent_class,90.0,0.5,ESCS,2012032S15141,JASMINE,SP,pacific_ocean,southern_pacific,2012-02-09T18:00:00Z,80.0,nadi,G1437
data/processed/classification/D-DD/CLS_00572.png,CLS-IMG00505,D-DD,VSCS,0.536551,0.369567,0.093644,0.536551,0.000238,non_adjacent,33.0,0.5,DD,2009238N20151,KROVANH,WP,pacific_ocean,western_pacific,2009-08-28T03:00:00Z,,,G0354
data/processed/classification/CS-SCS/CLS_01922.png,CLS-IMG01719,CS-SCS,VSCS,0.528024,0.013265,0.458213,0.528024,0.000497,adjacent_class,43.0,9.5,CS,2009171N15264,ANDRES,EP,pacific_ocean,eastern_pacific,2009-06-22T03:00:00Z,,,G0345
data/processed/classification/VSCS/CLS_03090.png,CLS-IMG02757,VSCS,CS-SCS,0.516832,0.009699,0.516832,0.471777,0.001692,adjacent_class,80.0,9.5,VSCS,2005071N06152,ROKE,WP,pacific_ocean,western_pacific,2005-03-16T00:00:00Z,50.0,tokyo,G0971
data/processed/classification/CS-SCS/CLS_01577.png,CLS-IMG01411,CS-SCS,D-DD,0.514819,0.514819,0.405952,0.052698,0.026531,adjacent_class,50.0,13.5,SCS,2003021S11081,FARI,SI,south_indian_ocean,,2003-01-28T15:00:00Z,,,G0946
data/processed/classification/D-DD/CLS_01318.png,CLS-IMG01175,D-DD,CS-SCS,0.513943,0.393943,0.513943,0.09179,0.000324,adjacent_class,28.0,5.5,DD,2023225N14248,FERNANDA,EP,pacific_ocean,eastern_pacific,2023-08-12T15:00:00Z,,,G0847
data/processed/classification/CS-SCS/CLS_01458.png,CLS-IMG01304,CS-SCS,VSCS,0.513865,0.14913,0.336644,0.513865,0.000361,adjacent_class,45.0,11.5,CS,2000299N08139,XANGSANE,WP,pacific_ocean,western_pacific,2000-10-26T12:00:00Z,40.0,tokyo,G0913
data/processed/classification/D-DD/CLS_00156.png,CLS-IMG00141,D-DD,VSCS,0.506137,0.002335,0.490804,0.506137,0.000724,non_adjacent,30.0,3.5,DD,2002126N09068,UNNAMED,NI,north_indian_ocean,arabian_sea,2002-05-06T12:00:00Z,25.0,newdelhi,G0095
data/processed/classification/ESCS-SuCS/CLS_04789.png,CLS-IMG04328,ESCS-SuCS,VSCS,0.48991,0.005388,0.060964,0.48991,0.443738,adjacent_class,103.0,13.5,ESCS,2010069S12188,TOMAS,SP,pacific_ocean,southern_pacific,2010-03-16T21:00:00Z,,,G1423
data/processed/classification/VSCS/CLS_03575.png,CLS-IMG03181,VSCS,CS-SCS,0.459278,0.010092,0.459278,0.080874,0.449757,adjacent_class,70.0,6.5,VSCS,2014275N06166,VONGFONG,WP,pacific_ocean,western_pacific,2014-10-04T21:00:00Z,,,G1469
data/processed/classification/ESCS-SuCS/CLS_04857.png,CLS-IMG04396,ESCS-SuCS,D-DD,0.423223,0.423223,0.183236,0.385092,0.008449,non_adjacent,90.0,0.5,ESCS,2012018S16041,FUNSO,SI,south_indian_ocean,,2012-01-22T00:00:00Z,60.0,reunion,G1436
data/processed/classification/D-DD/CLS_01122.png,CLS-IMG00998,D-DD,VSCS,0.388688,0.229568,0.374856,0.388688,0.006889,non_adjacent,30.0,3.5,DD,2020015S12170,TINO,SP,pacific_ocean,southern_pacific,2020-01-16T06:00:00Z,,,G0724
